Workbook

Sheet Samenvatting
A1: Thuisbatterij V2: ideale accugrootte
A2: Ontladen alleen in uren zonder teruglevering (PV uit).
A4: Accuvermogen (kW) | B4: =Instellingen!$B$4 -> 2.5
A5: Rendement round-trip | B5: =Instellingen!B5 -> 0.9
A6: Periode van | B6: =MIN(Data!A2:A401) -> 45898
A7: Periode tot | B7: =MAX(Data!A2:A401) -> 46297
A8: Aantal dagen | B8: =COUNT(Data!A2:A401) -> 400
A9: Afname totaal (kWh) | B9: =SUM(Data!B2:B401) -> 4467.31
A10: Teruglevering totaal (kWh) | B10: =SUM(Data!C2:C401) -> 5119.6
A11: Afname bij PV uit totaal (kWh) | B11: =SUM(Data!D2:D401) -> 3745.3
A12: Aandeel afname bij PV uit | B12: =IF(B9=0,0,B11/B9) -> 0.83837925
A14: Ideale accugrootte (kWh)
A15: Periode | B15: Dagen | C15: Gemiddelde | D15: Mediaan | E15: P80 | F15: P90 | G15: Maximum | H15: Mediaan simulatie
A16: Heel jaar | B16: =COUNT(Data!$K$2:$K$401) -> 400 | C16: =IFERROR(AVERAGE(Data!$K$2:$K$401),0) -> 4.1854616 | D16: =IFERROR(MEDIAN(Data!$K$2:$K$401),0) -> 3.9886862 | E16: =IFERROR(PERCENTILE(Data!$K$2:$K$401,0.8),0) -> 6.5301034 | F16: =IFERROR(PERCENTILE(Data!$K$2:$K$401,0.9),0) -> 8.4063881 | G16: =IFERROR(MAX(Data!$K$2:$K$401),0) -> 16.28573 | H16: =MEDIAN(Data!$J$2:$J$401) -> 3.895
A17: Winter | B17: =COUNT(Data!$L$2:$L$401) -> 90 | C17: =IFERROR(AVERAGE(Data!$L$2:$L$401),0) -> 1.5166284 | D17: =IFERROR(MEDIAN(Data!$L$2:$L$401),0) -> 0.36524307 | E17: =IFERROR(PERCENTILE(Data!$L$2:$L$401,0.8),0) -> 3.2976231 | F17: =IFERROR(PERCENTILE(Data!$L$2:$L$401,0.9),0) -> 4.0233659 | G17: =IFERROR(MAX(Data!$L$2:$L$401),0) -> 10.131938 | H17: -
A18: Lente | B18: =COUNT(Data!$M$2:$M$401) -> 92 | C18: =IFERROR(AVERAGE(Data!$M$2:$M$401),0) -> 6.0630258 | D18: =IFERROR(MEDIAN(Data!$M$2:$M$401),0) -> 5.6657475 | E18: =IFERROR(PERCENTILE(Data!$M$2:$M$401,0.8),0) -> 8.2198137 | F18: =IFERROR(PERCENTILE(Data!$M$2:$M$401,0.9),0) -> 10.424132 | G18: =IFERROR(MAX(Data!$M$2:$M$401),0) -> 16.28573 | H18: -
A19: Zomer | B19: =COUNT(Data!$N$2:$N$401) -> 95 | C19: =IFERROR(AVERAGE(Data!$N$2:$N$401),0) -> 4.7120378 | D19: =IFERROR(MEDIAN(Data!$N$2:$N$401),0) -> 4.5009752 | E19: =IFERROR(PERCENTILE(Data!$N$2:$N$401,0.8),0) -> 6.4046664 | F19: =IFERROR(PERCENTILE(Data!$N$2:$N$401,0.9),0) -> 7.8234749 | G19: =IFERROR(MAX(Data!$N$2:$N$401),0) -> 12.902093 | H19: -
A20: Herfst | B20: =COUNT(Data!$O$2:$O$401) -> 123 | C20: =IFERROR(AVERAGE(Data!$O$2:$O$401),0) -> 4.3272042 | D20: =IFERROR(MEDIAN(Data!$O$2:$O$401),0) -> 4.3006976 | E20: =IFERROR(PERCENTILE(Data!$O$2:$O$401,0.8),0) -> 6.371357 | F20: =IFERROR(PERCENTILE(Data!$O$2:$O$401,0.9),0) -> 7.9056942 | G20: =IFERROR(MAX(Data!$O$2:$O$401),0) -> 13.650499 | H20: -
A22: De Excel-berekening werkt met dagtotalen per venster (eerste teruglevering tot eerste teruglevering de volgende dag) en is daardoor iets ruimer dan de uursimulatie uit de notebook (kolom J op Data). De uursimulatie rekent met een vast vermogen van 2,5 kW; wijzig je het vermogen hier, dan verandert alleen de Excel-berekening.
A23: Datakwaliteit: 9 dagen zonder meetdata (27–29 nov, 5 en 10–12 dec 2025, 3 jul en 28 aug 2026). De dag na zo'n gat bevat de ingehaalde afname in één keer, bijvoorbeeld 81,6 kWh op 30 nov 2025.
A24: Jaaropbrengst per batterijgrootte (uursimulatie notebook)
A25: Capaciteit (kWh) | B25: Verschoven per jaar (kWh) | C25: Extra per kWh capaciteit
A26: 0 | B26: 0 | C26: -
A27: 2 | B27: 566 | C27: =IFERROR((B27-B26)/(A27-A26),0) -> 283
A28: 4 | B28: 1000 | C28: =IFERROR((B28-B27)/(A28-A27),0) -> 217
A29: 5 | B29: 1148 | C29: =IFERROR((B29-B28)/(A29-A28),0) -> 148
A30: 6 | B30: 1251 | C30: =IFERROR((B30-B29)/(A30-A29),0) -> 103
A31: 8 | B31: 1382 | C31: =IFERROR((B31-B30)/(A31-A30),0) -> 65.5
A32: 10 | B32: 1452 | C32: =IFERROR((B32-B31)/(A32-A31),0) -> 35
A33: 12 | B33: 1486 | C33: =IFERROR((B33-B32)/(A33-A32),0) -> 17
A34: 15 | B34: 1519 | C34: =IFERROR((B34-B33)/(A34-A33),0) -> 11
A35: 20 | B35: 1551 | C35: =IFERROR((B35-B34)/(A35-A34),0) -> 6.4
A37: Bron: batterij_simulatie_v2.ipynb in Home Assistant, uurdata slimme meter 29-08-2025 t/m 02-10-2026 (400 dagen).

Sheet Instellingen
A1: Instellingen
A2: Gele cellen kun je aanpassen; alle berekeningen rekenen mee.
A4: Accuvermogen (kW) | B4: 2.5 | C4: Laad- en ontlaadvermogen van de batterij.
A5: Rendement round-trip | B5: 0.9 | C5: Verlies over laden plus ontladen samen.
A6: Klassebreedte histogram (kWh) | B6: 1 | C6: Breedte van de staven in de verdeling.
A8: √ rendement (enkele richting) | B8: =SQRT(B5) -> 0.9486833

Sheet Data
A1: Datum | B1: Afname (kWh) | C1: Teruglevering (kWh) | D1: Afname PV uit (kWh) | E1: Seizoen | F1: Venster: teruglevering (kWh) | G1: Venster: uren met teruglevering | H1: Venster: afname PV uit (kWh) | I1: Venster: uren PV uit | J1: Ideaal simulatie notebook (kWh) | K1: Ideale accugrootte Excel (kWh) | L1: Winter | M1: Lente | N1: Zomer | O1: Herfst
A2: 45898 | B2: 0.69 | C2: 0 | D2: 0.69 | E2: Zomer | F2: 0 | G2: 0 | H2: 0 | I2: 0 | J2: 0 | K2: =MAX(0,MIN(Instellingen!$B$8*MIN(F2,Instellingen!$B$4*G2),MIN(H2,Instellingen!$B$4*I2)/Instellingen!$B$8)) -> 0 | L2: =IF($E2="Winter",$K2,"") | M2: =IF($E2="Lente",$K2,"") | N2: =IF($E2="Zomer",$K2,"") -> 0 | O2: =IF($E2="Herfst",$K2,"")
A3: 45899 | B3: 8.99 | C3: 17.75 | D3: 7.53 | E3: Zomer | F3: 17.75 | G3: 12 | H3: 8.06 | I3: 14 | J3: 8.41 | K3: =MAX(0,MIN(Instellingen!$B$8*MIN(F3,Instellingen!$B$4*G3),MIN(H3,Instellingen!$B$4*I3)/Instellingen!$B$8)) -> 8.495986 | L3: =IF($E3="Winter",$K3,"") | M3: =IF($E3="Lente",$K3,"") | N3: =IF($E3="Zomer",$K3,"") -> 8.495986 | O3: =IF($E3="Herfst",$K3,"")
A4: 45900 | B4: 9.53 | C4: 11.11 | D4: 9.04 | E4: Zomer | F4: 11.11 | G4: 9 | H4: 9.63 | I4: 15 | J4: 10.05 | K4: =MAX(0,MIN(Instellingen!$B$8*MIN(F4,Instellingen!$B$4*G4),MIN(H4,Instellingen!$B$4*I4)/Instellingen!$B$8)) -> 10.150911 | L4: =IF($E4="Winter",$K4,"") | M4: =IF($E4="Lente",$K4,"") | N4: =IF($E4="Zomer",$K4,"") -> 10.150911 | O4: =IF($E4="Herfst",$K4,"")
A5: 45901 | B5: 6.96 | C5: 15.82 | D5: 4.61 | E5: Herfst | F5: 15.82 | G5: 11 | H5: 4.06 | I5: 12 | J5: 4.24 | K5: =MAX(0,MIN(Instellingen!$B$8*MIN(F5,Instellingen!$B$4*G5),MIN(H5,Instellingen!$B$4*I5)/Instellingen!$B$8)) -> 4.2796158 | L5: =IF($E5="Winter",$K5,"") | M5: =IF($E5="Lente",$K5,"") | N5: =IF($E5="Zomer",$K5,"") | O5: =IF($E5="Herfst",$K5,"") -> 4.2796158
A6: 45902 | B6: 6.63 | C6: 20.18 | D6: 6.16 | E6: Herfst | F6: 20.18 | G6: 11 | H6: 5.47 | I6: 12 | J6: 5.71 | K6: =MAX(0,MIN(Instellingen!$B$8*MIN(F6,Instellingen!$B$4*G6),MIN(H6,Instellingen!$B$4*I6)/Instellingen!$B$8)) -> 5.7658863 | L6: =IF($E6="Winter",$K6,"") | M6: =IF($E6="Lente",$K6,"") | N6: =IF($E6="Zomer",$K6,"") | O6: =IF($E6="Herfst",$K6,"") -> 5.7658863
A7: 45903 | B7: 5.38 | C7: 8.23 | D7: 2.81 | E7: Herfst | F7: 8.23 | G7: 13 | H7: 2.8 | I7: 11 | J7: 2.92 | K7: =MAX(0,MIN(Instellingen!$B$8*MIN(F7,Instellingen!$B$4*G7),MIN(H7,Instellingen!$B$4*I7)/Instellingen!$B$8)) -> 2.9514591 | L7: =IF($E7="Winter",$K7,"") | M7: =IF($E7="Lente",$K7,"") | N7: =IF($E7="Zomer",$K7,"") | O7: =IF($E7="Herfst",$K7,"") -> 2.9514591
A8: 45904 | B8: 4.1 | C8: 19.85 | D8: 3.19 | E8: Herfst | F8: 19.85 | G8: 13 | H8: 3.5 | I8: 11 | J8: 3.65 | K8: =MAX(0,MIN(Instellingen!$B$8*MIN(F8,Instellingen!$B$4*G8),MIN(H8,Instellingen!$B$4*I8)/Instellingen!$B$8)) -> 3.6893239 | L8: =IF($E8="Winter",$K8,"") | M8: =IF($E8="Lente",$K8,"") | N8: =IF($E8="Zomer",$K8,"") | O8: =IF($E8="Herfst",$K8,"") -> 3.6893239
A9: 45905 | B9: 4.53 | C9: 19.73 | D9: 3.81 | E9: Herfst | F9: 19.73 | G9: 13 | H9: 3.77 | I9: 11 | J9: 3.94 | K9: =MAX(0,MIN(Instellingen!$B$8*MIN(F9,Instellingen!$B$4*G9),MIN(H9,Instellingen!$B$4*I9)/Instellingen!$B$8)) -> 3.9739289 | L9: =IF($E9="Winter",$K9,"") | M9: =IF($E9="Lente",$K9,"") | N9: =IF($E9="Zomer",$K9,"") | O9: =IF($E9="Herfst",$K9,"") -> 3.9739289
A10: 45906 | B10: 6.11 | C10: 21.52 | D10: 4.54 | E10: Herfst | F10: 21.52 | G10: 12 | H10: 4.08 | I10: 12 | J10: 4.26 | K10: =MAX(0,MIN(Instellingen!$B$8*MIN(F10,Instellingen!$B$4*G10),MIN(H10,Instellingen!$B$4*I10)/Instellingen!$B$8)) -> 4.3006976 | L10: =IF($E10="Winter",$K10,"") | M10: =IF($E10="Lente",$K10,"") | N10: =IF($E10="Zomer",$K10,"") | O10: =IF($E10="Herfst",$K10,"") -> 4.3006976
A11: 45907 | B11: 2.49 | C11: 29.56 | D11: 2.09 | E11: Herfst | F11: 29.56 | G11: 13 | H11: 2.5 | I11: 12 | J11: 2.61 | K11: =MAX(0,MIN(Instellingen!$B$8*MIN(F11,Instellingen!$B$4*G11),MIN(H11,Instellingen!$B$4*I11)/Instellingen!$B$8)) -> 2.6352314 | L11: =IF($E11="Winter",$K11,"") | M11: =IF($E11="Lente",$K11,"") | N11: =IF($E11="Zomer",$K11,"") | O11: =IF($E11="Herfst",$K11,"") -> 2.6352314
A12: 45908 | B12: 1.84 | C12: 11.64 | D12: 1.58 | E12: Herfst | F12: 11.64 | G12: 7 | H12: 0 | I12: 30 | J12: 0 | K12: =MAX(0,MIN(Instellingen!$B$8*MIN(F12,Instellingen!$B$4*G12),MIN(H12,Instellingen!$B$4*I12)/Instellingen!$B$8)) -> 0 | L12: =IF($E12="Winter",$K12,"") | M12: =IF($E12="Lente",$K12,"") | N12: =IF($E12="Zomer",$K12,"") | O12: =IF($E12="Herfst",$K12,"") -> 0
A13: 45909 | B13: 15.04 | C13: 9.75 | D13: 4.07 | E13: Herfst | F13: 9.75 | G13: 1 | H13: 5.58 | I13: 10 | J13: 2.35 | K13: =MAX(0,MIN(Instellingen!$B$8*MIN(F13,Instellingen!$B$4*G13),MIN(H13,Instellingen!$B$4*I13)/Instellingen!$B$8)) -> 2.3717082 | L13: =IF($E13="Winter",$K13,"") | M13: =IF($E13="Lente",$K13,"") | N13: =IF($E13="Zomer",$K13,"") | O13: =IF($E13="Herfst",$K13,"") -> 2.3717082
... A401: 46297 | B401: 11.13 | C401: 12.39 | D401: 8.48 | E401: Herfst | F401: 12.39 | G401: 11 | H401: 8.87 | I401: 13 | J401: 9.25 | K401: =MAX(0,MIN(Instellingen!$B$8*MIN(F401,Instellingen!$B$4*G401),MIN(H401,Instellingen!$B$4*I401)/Instellingen!$B$8)) -> 9.3498009 | L401: =IF($E401="Winter",$K401,"") | M401: =IF($E401="Lente",$K401,"") | N401: =IF($E401="Zomer",$K401,"") | O401: =IF($E401="Herfst",$K401,"") -> 9.3498009

Sheet Verdeling
A1: Verdeling ideale accugrootte (aantal dagen per klasse)
A3: Van (kWh) | B3: Tot (kWh) | C3: Klasse | D3: Heel jaar | E3: Winter | F3: Lente | G3: Zomer | H3: Herfst
A4: 0 | B4: =A4+Instellingen!$B$6 -> 1 | C4: =TEXT(A4,"0")&"–"&TEXT(B4,"0") -> 0–1 | D4: =COUNTIFS(Data!$K$2:$K$401,">="&A4,Data!$K$2:$K$401,"<"&B4) -> 77 | E4: =COUNTIFS(Data!$K$2:$K$401,">="&A4,Data!$K$2:$K$401,"<"&B4,Data!$E$2:$E$401,"Winter") -> 53 | F4: =COUNTIFS(Data!$K$2:$K$401,">="&A4,Data!$K$2:$K$401,"<"&B4,Data!$E$2:$E$401,"Lente") -> 1 | G4: =COUNTIFS(Data!$K$2:$K$401,">="&A4,Data!$K$2:$K$401,"<"&B4,Data!$E$2:$E$401,"Zomer") -> 5 | H4: =COUNTIFS(Data!$K$2:$K$401,">="&A4,Data!$K$2:$K$401,"<"&B4,Data!$E$2:$E$401,"Herfst") -> 18
A5: =B4 -> 1 | B5: =A5+Instellingen!$B$6 -> 2 | C5: =TEXT(A5,"0")&"–"&TEXT(B5,"0") -> 1–2 | D5: =COUNTIFS(Data!$K$2:$K$401,">="&A5,Data!$K$2:$K$401,"<"&B5) -> 22 | E5: =COUNTIFS(Data!$K$2:$K$401,">="&A5,Data!$K$2:$K$401,"<"&B5,Data!$E$2:$E$401,"Winter") -> 8 | F5: =COUNTIFS(Data!$K$2:$K$401,">="&A5,Data!$K$2:$K$401,"<"&B5,Data!$E$2:$E$401,"Lente") -> 2 | G5: =COUNTIFS(Data!$K$2:$K$401,">="&A5,Data!$K$2:$K$401,"<"&B5,Data!$E$2:$E$401,"Zomer") -> 1 | H5: =COUNTIFS(Data!$K$2:$K$401,">="&A5,Data!$K$2:$K$401,"<"&B5,Data!$E$2:$E$401,"Herfst") -> 11
A6: =B5 -> 2 | B6: =A6+Instellingen!$B$6 -> 3 | C6: =TEXT(A6,"0")&"–"&TEXT(B6,"0") -> 2–3 | D6: =COUNTIFS(Data!$K$2:$K$401,">="&A6,Data!$K$2:$K$401,"<"&B6) -> 55 | E6: =COUNTIFS(Data!$K$2:$K$401,">="&A6,Data!$K$2:$K$401,"<"&B6,Data!$E$2:$E$401,"Winter") -> 10 | F6: =COUNTIFS(Data!$K$2:$K$401,">="&A6,Data!$K$2:$K$401,"<"&B6,Data!$E$2:$E$401,"Lente") -> 10 | G6: =COUNTIFS(Data!$K$2:$K$401,">="&A6,Data!$K$2:$K$401,"<"&B6,Data!$E$2:$E$401,"Zomer") -> 20 | H6: =COUNTIFS(Data!$K$2:$K$401,">="&A6,Data!$K$2:$K$401,"<"&B6,Data!$E$2:$E$401,"Herfst") -> 15
A7: =B6 -> 3 | B7: =A7+Instellingen!$B$6 -> 4 | C7: =TEXT(A7,"0")&"–"&TEXT(B7,"0") -> 3–4 | D7: =COUNTIFS(Data!$K$2:$K$401,">="&A7,Data!$K$2:$K$401,"<"&B7) -> 46 | E7: =COUNTIFS(Data!$K$2:$K$401,">="&A7,Data!$K$2:$K$401,"<"&B7,Data!$E$2:$E$401,"Winter") -> 9 | F7: =COUNTIFS(Data!$K$2:$K$401,">="&A7,Data!$K$2:$K$401,"<"&B7,Data!$E$2:$E$401,"Lente") -> 14 | G7: =COUNTIFS(Data!$K$2:$K$401,">="&A7,Data!$K$2:$K$401,"<"&B7,Data!$E$2:$E$401,"Zomer") -> 11 | H7: =COUNTIFS(Data!$K$2:$K$401,">="&A7,Data!$K$2:$K$401,"<"&B7,Data!$E$2:$E$401,"Herfst") -> 12
A8: =B7 -> 4 | B8: =A8+Instellingen!$B$6 -> 5 | C8: =TEXT(A8,"0")&"–"&TEXT(B8,"0") -> 4–5 | D8: =COUNTIFS(Data!$K$2:$K$401,">="&A8,Data!$K$2:$K$401,"<"&B8) -> 58 | E8: =COUNTIFS(Data!$K$2:$K$401,">="&A8,Data!$K$2:$K$401,"<"&B8,Data!$E$2:$E$401,"Winter") -> 4 | F8: =COUNTIFS(Data!$K$2:$K$401,">="&A8,Data!$K$2:$K$401,"<"&B8,Data!$E$2:$E$401,"Lente") -> 15 | G8: =COUNTIFS(Data!$K$2:$K$401,">="&A8,Data!$K$2:$K$401,"<"&B8,Data!$E$2:$E$401,"Zomer") -> 22 | H8: =COUNTIFS(Data!$K$2:$K$401,">="&A8,Data!$K$2:$K$401,"<"&B8,Data!$E$2:$E$401,"Herfst") -> 17
A9: =B8 -> 5 | B9: =A9+Instellingen!$B$6 -> 6 | C9: =TEXT(A9,"0")&"–"&TEXT(B9,"0") -> 5–6 | D9: =COUNTIFS(Data!$K$2:$K$401,">="&A9,Data!$K$2:$K$401,"<"&B9) -> 48 | E9: =COUNTIFS(Data!$K$2:$K$401,">="&A9,Data!$K$2:$K$401,"<"&B9,Data!$E$2:$E$401,"Winter") -> 3 | F9: =COUNTIFS(Data!$K$2:$K$401,">="&A9,Data!$K$2:$K$401,"<"&B9,Data!$E$2:$E$401,"Lente") -> 8 | G9: =COUNTIFS(Data!$K$2:$K$401,">="&A9,Data!$K$2:$K$401,"<"&B9,Data!$E$2:$E$401,"Zomer") -> 15 | H9: =COUNTIFS(Data!$K$2:$K$401,">="&A9,Data!$K$2:$K$401,"<"&B9,Data!$E$2:$E$401,"Herfst") -> 22
A10: =B9 -> 6 | B10: =A10+Instellingen!$B$6 -> 7 | C10: =TEXT(A10,"0")&"–"&TEXT(B10,"0") -> 6–7 | D10: =COUNTIFS(Data!$K$2:$K$401,">="&A10,Data!$K$2:$K$401,"<"&B10) -> 24 | E10: =COUNTIFS(Data!$K$2:$K$401,">="&A10,Data!$K$2:$K$401,"<"&B10,Data!$E$2:$E$401,"Winter") -> 0 | F10: =COUNTIFS(Data!$K$2:$K$401,">="&A10,Data!$K$2:$K$401,"<"&B10,Data!$E$2:$E$401,"Lente") -> 13 | G10: =COUNTIFS(Data!$K$2:$K$401,">="&A10,Data!$K$2:$K$401,"<"&B10,Data!$E$2:$E$401,"Zomer") -> 3 | H10: =COUNTIFS(Data!$K$2:$K$401,">="&A10,Data!$K$2:$K$401,"<"&B10,Data!$E$2:$E$401,"Herfst") -> 8
A11: =B10 -> 7 | B11: =A11+Instellingen!$B$6 -> 8 | C11: =TEXT(A11,"0")&"–"&TEXT(B11,"0") -> 7–8 | D11: =COUNTIFS(Data!$K$2:$K$401,">="&A11,Data!$K$2:$K$401,"<"&B11) -> 25 | E11: =COUNTIFS(Data!$K$2:$K$401,">="&A11,Data!$K$2:$K$401,"<"&B11,Data!$E$2:$E$401,"Winter") -> 0 | F11: =COUNTIFS(Data!$K$2:$K$401,">="&A11,Data!$K$2:$K$401,"<"&B11,Data!$E$2:$E$401,"Lente") -> 9 | G11: =COUNTIFS(Data!$K$2:$K$401,">="&A11,Data!$K$2:$K$401,"<"&B11,Data!$E$2:$E$401,"Zomer") -> 9 | H11: =COUNTIFS(Data!$K$2:$K$401,">="&A11,Data!$K$2:$K$401,"<"&B11,Data!$E$2:$E$401,"Herfst") -> 7
A12: =B11 -> 8 | B12: =A12+Instellingen!$B$6 -> 9 | C12: =TEXT(A12,"0")&"–"&TEXT(B12,"0") -> 8–9 | D12: =COUNTIFS(Data!$K$2:$K$401,">="&A12,Data!$K$2:$K$401,"<"&B12) -> 14 | E12: =COUNTIFS(Data!$K$2:$K$401,">="&A12,Data!$K$2:$K$401,"<"&B12,Data!$E$2:$E$401,"Winter") -> 1 | F12: =COUNTIFS(Data!$K$2:$K$401,">="&A12,Data!$K$2:$K$401,"<"&B12,Data!$E$2:$E$401,"Lente") -> 7 | G12: =COUNTIFS(Data!$K$2:$K$401,">="&A12,Data!$K$2:$K$401,"<"&B12,Data!$E$2:$E$401,"Zomer") -> 3 | H12: =COUNTIFS(Data!$K$2:$K$401,">="&A12,Data!$K$2:$K$401,"<"&B12,Data!$E$2:$E$401,"Herfst") -> 3
A13: =B12 -> 9 | B13: =A13+Instellingen!$B$6 -> 10 | C13: =TEXT(A13,"0")&"–"&TEXT(B13,"0") -> 9–10 | D13: =COUNTIFS(Data!$K$2:$K$401,">="&A13,Data!$K$2:$K$401,"<"&B13) -> 11 | E13: =COUNTIFS(Data!$K$2:$K$401,">="&A13,Data!$K$2:$K$401,"<"&B13,Data!$E$2:$E$401,"Winter") -> 1 | F13: =COUNTIFS(Data!$K$2:$K$401,">="&A13,Data!$K$2:$K$401,"<"&B13,Data!$E$2:$E$401,"Lente") -> 2 | G13: =COUNTIFS(Data!$K$2:$K$401,">="&A13,Data!$K$2:$K$401,"<"&B13,Data!$E$2:$E$401,"Zomer") -> 3 | H13: =COUNTIFS(Data!$K$2:$K$401,">="&A13,Data!$K$2:$K$401,"<"&B13,Data!$E$2:$E$401,"Herfst") -> 5
A14: =B13 -> 10 | B14: =A14+Instellingen!$B$6 -> 11 | C14: =TEXT(A14,"0")&"–"&TEXT(B14,"0") -> 10–11 | D14: =COUNTIFS(Data!$K$2:$K$401,">="&A14,Data!$K$2:$K$401,"<"&B14) -> 9 | E14: =COUNTIFS(Data!$K$2:$K$401,">="&A14,Data!$K$2:$K$401,"<"&B14,Data!$E$2:$E$401,"Winter") -> 1 | F14: =COUNTIFS(Data!$K$2:$K$401,">="&A14,Data!$K$2:$K$401,"<"&B14,Data!$E$2:$E$401,"Lente") -> 4 | G14: =COUNTIFS(Data!$K$2:$K$401,">="&A14,Data!$K$2:$K$401,"<"&B14,Data!$E$2:$E$401,"Zomer") -> 2 | H14: =COUNTIFS(Data!$K$2:$K$401,">="&A14,Data!$K$2:$K$401,"<"&B14,Data!$E$2:$E$401,"Herfst") -> 2
A15: =B14 -> 11 | B15: =A15+Instellingen!$B$6 -> 12 | C15: =TEXT(A15,"0")&"–"&TEXT(B15,"0") -> 11–12 | D15: =COUNTIFS(Data!$K$2:$K$401,">="&A15,Data!$K$2:$K$401,"<"&B15) -> 4 | E15: =COUNTIFS(Data!$K$2:$K$401,">="&A15,Data!$K$2:$K$401,"<"&B15,Data!$E$2:$E$401,"Winter") -> 0 | F15: =COUNTIFS(Data!$K$2:$K$401,">="&A15,Data!$K$2:$K$401,"<"&B15,Data!$E$2:$E$401,"Lente") -> 3 | G15: =COUNTIFS(Data!$K$2:$K$401,">="&A15,Data!$K$2:$K$401,"<"&B15,Data!$E$2:$E$401,"Zomer") -> 0 | H15: =COUNTIFS(Data!$K$2:$K$401,">="&A15,Data!$K$2:$K$401,"<"&B15,Data!$E$2:$E$401,"Herfst") -> 1
A16: =B15 -> 12 | B16: =A16+Instellingen!$B$6 -> 13 | C16: =TEXT(A16,"0")&"–"&TEXT(B16,"0") -> 12–13 | D16: =COUNTIFS(Data!$K$2:$K$401,">="&A16,Data!$K$2:$K$401,"<"&B16) -> 3 | E16: =COUNTIFS(Data!$K$2:$K$401,">="&A16,Data!$K$2:$K$401,"<"&B16,Data!$E$2:$E$401,"Winter") -> 0 | F16: =COUNTIFS(Data!$K$2:$K$401,">="&A16,Data!$K$2:$K$401,"<"&B16,Data!$E$2:$E$401,"Lente") -> 1 | G16: =COUNTIFS(Data!$K$2:$K$401,">="&A16,Data!$K$2:$K$401,"<"&B16,Data!$E$2:$E$401,"Zomer") -> 1 | H16: =COUNTIFS(Data!$K$2:$K$401,">="&A16,Data!$K$2:$K$401,"<"&B16,Data!$E$2:$E$401,"Herfst") -> 1
... A22: =B21 -> 18 | B22: =A22+Instellingen!$B$6 -> 19 | C22: =TEXT(A22,"0")&"–"&TEXT(B22,"0") -> 18–19 | D22: =COUNTIFS(Data!$K$2:$K$401,">="&A22,Data!$K$2:$K$401,"<"&B22) -> 0 | E22: =COUNTIFS(Data!$K$2:$K$401,">="&A22,Data!$K$2:$K$401,"<"&B22,Data!$E$2:$E$401,"Winter") -> 0 | F22: =COUNTIFS(Data!$K$2:$K$401,">="&A22,Data!$K$2:$K$401,"<"&B22,Data!$E$2:$E$401,"Lente") -> 0 | G22: =COUNTIFS(Data!$K$2:$K$401,">="&A22,Data!$K$2:$K$401,"<"&B22,Data!$E$2:$E$401,"Zomer") -> 0 | H22: =COUNTIFS(Data!$K$2:$K$401,">="&A22,Data!$K$2:$K$401,"<"&B22,Data!$E$2:$E$401,"Herfst") -> 0
C23: Totaal | D23: =SUM(D4:D22) -> 400 | E23: =SUM(E4:E22) -> 90 | F23: =SUM(F4:F22) -> 92 | G23: =SUM(G4:G22) -> 95 | H23: =SUM(H4:H22) -> 123
A24: Waarden boven de laatste klasse vallen buiten de tabel; vergroot dan de klassebreedte op Instellingen.
